{
  "urls": [
    "output.ogg",
    "output.m4a",
    "output.mp3",
    "output.ac3"
  ],
  "sprite": {
    "bevp": [
      0,
      63.333333333333336
    ],
    "bevr": [
      1999.9999999999998,
      75.01133786848091
    ],
    "blnc": [
      4000,
      31.678004535147686
    ],
    "blno": [
      6000,
      118.3446712018137
    ],
    "boot": [
      8000,
      1376.4852607709752
    ],
    "btne": [
      11000,
      21.67800453514701
    ],
    "btnp": [
      13000,
      1.678004535147437
    ],
    "btnr": [
      15000,
      1.678004535147437
    ],
    "btnx": [
      17000,
      18.344671201813156
    ],
    "camera": [
      19000,
      415.1473922902511
    ],
    "chkp": [
      21000,
      8.344671201815146
    ],
    "chkr": [
      23000,
      48.34467120181429
    ],
    "click": [
      25000,
      19.20634920634967
    ],
    "dbtr": [
      27000,
      28.34467120181472
    ],
    "delay": [
      29000,
      199.9999999999993
    ],
    "droplet": [
      31000,
      152.8344671201829
    ],
    "dsce": [
      33000,
      45.01133786848044
    ],
    "dscp": [
      35000,
      28.34467120181472
    ],
    "dscr": [
      37000,
      200.00000000000284
    ],
    "dske": [
      39000,
      399.9999999999986
    ],
    "dski": [
      41000,
      103.33333333333172
    ],
    "fcpd": [
      43000,
      128.34467120181614
    ],
    "fdof": [
      45000,
      223.33333333333627
    ],
    "fdon": [
      47000,
      216.66666666666856
    ],
    "fdrp": [
      49000,
      53.333333333334565
    ],
    "flap": [
      51000,
      306.66666666666487
    ],
    "fnew": [
      53000,
      216.66666666666856
    ],
    "fral": [
      55000,
      191.7687074829928
    ],
    "fsel": [
      57000,
      3.3333333333303017
    ],
    "ftrs": [
      59000,
      353.3333333333317
    ],
    "indigo": [
      61000,
      352.31292517006807
    ],
    "ladr": [
      63000,
      3.3333333333303017
    ],
    "laup": [
      65000,
      135.01133786847674
    ],
    "mnuc": [
      67000,
      131.67800453514644
    ],
    "mnui": [
      69000,
      36.66666666666174
    ],
    "mnuo": [
      71000,
      135.01133786847674
    ],
    "mnus": [
      73000,
      140.00000000000057
    ],
    "output": [
      75000,
      155000
    ],
    "popp": [
      231000,
      5.011337868467081
    ],
    "popr": [
      233000,
      28.344671201807614
    ],
    "pwcl": [
      235000,
      198.39002267573846
    ],
    "pwop": [
      237000,
      306.666666666672
    ],
    "quack": [
      239000,
      183.37868480725206
    ],
    "rade": [
      241000,
      63.333333333332575
    ],
    "radp": [
      243000,
      46.666666666652645
    ],
    "radr": [
      245000,
      6.666666666660603
    ],
    "radx": [
      247000,
      63.333333333332575
    ],
    "sbap": [
      249000,
      21.67800453514701
    ],
    "sbar": [
      251000,
      30.000000000001137
    ],
    "sbth": [
      253000,
      853.3333333333246
    ],
    "sbth_attack": [
      255000,
      51.67800453514815
    ],
    "sbth_decay": [
      257000,
      1.6780045351652007
    ],
    "sbtp": [
      259000,
      3.3333333333303017
    ],
    "single_click": [
      261000,
      168.32199546485072
    ],
    "slgh": [
      263000,
      873.3333333333348
    ],
    "slte": [
      265000,
      293.33333333335077
    ],
    "sltp": [
      267000,
      5.011337868495502
    ],
    "sosumi": [
      269000,
      179.6371882086305
    ],
    "tabe": [
      271000,
      161.67800453513337
    ],
    "tabp": [
      273000,
      68.34467120182808
    ],
    "tabr": [
      275000,
      78.34467120181898
    ],
    "tabx": [
      277000,
      213.33333333330984
    ],
    "tshd": [
      279000,
      178.34467120184172
    ],
    "wact": [
      281000,
      29.999999999972715
    ],
    "wcle": [
      283000,
      36.66666666669016
    ],
    "wclp": [
      285000,
      11.678004535156106
    ],
    "wclr": [
      287000,
      56.66666666667197
    ],
    "wcls": [
      289000,
      135.01133786849095
    ],
    "wclx": [
      291000,
      11.678004535156106
    ],
    "wcol": [
      293000,
      120.00000000000455
    ],
    "wexp": [
      295000,
      235.01133786845685
    ],
    "whit": [
      297000,
      77.43764172334977
    ],
    "wild_eep": [
      299000,
      137.00680272108912
    ],
    "wmov_idle": [
      301000,
      381.67800453516065
    ],
    "wmov_moving": [
      303000,
      853.333333333353
    ],
    "wopn": [
      305000,
      139.99999999998636
    ],
    "wzmi": [
      307000,
      66.66666666666288
    ],
    "wzmo": [
      309000,
      71.67800453515838
    ]
  }
}